model,threshold,accuracy,precision,recall,f1_score,roc_auc,TN,FP,FN,TP
logistic_regression,0.5,0.9755899104963385,0.45454545454545453,1.0,0.625,0.9972093023255814,1174,30,0,25
random_forest,0.5,0.9910496338486574,0.7058823529411765,0.96,0.8135593220338984,0.997906976744186,1194,10,1,24
xgboost,0.5,0.9959316517493898,0.8333333333333334,1.0,0.9090909090909091,0.9995016611295681,1199,5,0,25
