model,method,threshold,accuracy,precision,recall,f1_score,roc_auc,cost,TN,FP,FN,TP
random_forest_smote,SMOTE + Threshold 0.5,0.5,0.9918633034987796,0.7142857142857143,1.0,0.8333333333333334,0.9977076411960132,70000,1194,10,0,25
xgboost_calibrated_isotonic,Calibration + Threshold Moving,0.1357864286428642,0.9967453213995118,0.8888888888888888,0.96,0.9230769230769232,0.9789867109634552,15021000,1201,3,1,24
random_forest_calibrated_sigmoid,Calibration + Threshold Moving,0.0403959695969597,0.9910496338486574,0.7058823529411765,0.96,0.8135593220338984,0.997906976744186,15070000,1194,10,1,24
random_forest_calibrated_sigmoid,Recall-Constrained Threshold,0.0652948926873608,0.9910496338486574,0.7058823529411765,0.96,0.8135593220338984,0.997906976744186,15070000,1194,10,1,24
xgboost_calibrated_isotonic,Recall-Constrained Threshold,0.4000000059604645,0.9959316517493898,0.8846153846153846,0.92,0.9019607843137256,0.9789867109634552,30021000,1201,3,2,23
logistic_regression_calibrated_sigmoid,Recall-Constrained Threshold,0.2156683579204134,0.9918633034987796,0.7419354838709677,0.92,0.8214285714285714,0.9972093023255814,30056000,1196,8,2,23
logistic_regression_calibrated_sigmoid,Calibration + Threshold Moving,0.2028797179717971,0.9910496338486574,0.71875,0.92,0.8070175438596491,0.9972093023255814,30063000,1195,9,2,23
