model,best_threshold,accuracy_05,precision_05,recall_05,f1_05,cost_05,TN_05,FP_05,FN_05,TP_05,accuracy_opt,precision_opt,recall_opt,f1_opt,roc_auc,cost_opt,normalized_cost_opt,savings,TN_opt,FP_opt,FN_opt,TP_opt
logistic_regression_calibrated_sigmoid,0.20287971797179719,0.9877949552481693,0.8125,0.52,0.6341463414634146,180021000,1201,3,12,13,0.9910496338486574,0.71875,0.92,0.8070175438596491,0.9972093023255814,30063000,24461.350691619202,0.8330028163380939,1195,9,2,23
random_forest_calibrated_sigmoid,0.0403959695969597,0.9910496338486574,0.7916666666666666,0.76,0.7755102040816326,90035000,1199,5,6,19,0.9910496338486574,0.7058823529411765,0.96,0.8135593220338984,0.9979069767441859,15070000,12262.0016273393,0.8326206475259621,1194,10,1,24
xgboost_calibrated_isotonic,0.13578642864286428,0.9951179820992677,0.9130434782608695,0.84,0.875,60014000,1202,2,4,21,0.9967453213995118,0.8888888888888888,0.96,0.9230769230769231,0.9789867109634551,15021000,12222.13181448332,0.749708401373013,1201,3,1,24
